{
  "timestamp": "2025-09-23T19:42:12.037500",
  "seed": 42,
  "n": 200,
  "sigma_true": 0.3,
  "kernel": "gaussian",
  "kernel_width": 0.2,
  "experiments": {
    "DP": {
      "tau": 5,
      "train_mse": 0.08997730793372016,
      "test_mse": 0.10078739921051189,
      "final_train_residual": 0.2999621775052984
    },
    "SDP": {
      "tau": 6,
      "train_mse": 0.08489529919536266,
      "test_mse": 0.09752741672887481,
      "final_train_residual": 0.29136797901513245,
      "T_smooth": 10
    }
  }
}