{
  "timestamp": "2025-09-23T19:45:37.147750",
  "seed": 42,
  "n": 200,
  "kernel": "gaussian",
  "experiments": [
    {
      "sigma": 0.2,
      "kernel_width": 0.2,
      "DP": {
        "tau": 7,
        "train_mse": 0.038301261638992015,
        "test_mse": 0.09505548044456939,
        "time": 1.033571720123291
      },
      "SDP": {
        "tau": 8,
        "train_mse": 0.03706812464018081,
        "test_mse": 0.09422040564516486,
        "time": 1.1671724319458008
      }
    },
    {
      "sigma": 0.4,
      "kernel_width": 0.2,
      "DP": {
        "tau": 6,
        "train_mse": 0.1593909405339654,
        "test_mse": 0.09905196149936456,
        "time": 0.848886251449585
      },
      "SDP": {
        "tau": 6,
        "train_mse": 0.1593909405339654,
        "test_mse": 0.09905196149936456,
        "time": 0.817129373550415
      }
    }
  ]
}